/Fate/Sub-Series/Grand-Order/Fate-Grand-Order/index.{html} /Fate/Sub-Series/Grand-Order/Fate-Grand-Order/
/Fate/Sub-Series/Kaleid-Liner/Fate-Kaleid-Liner/index.{html} /Fate/Sub-Series/Kaleid-Liner/Fate-Kaleid-Liner/
/Sub-Series/index.{html} /Sub-Series/
/index.html /
/_index1/index.{html} /_index1/
/Fate/Other-Spin-Offs/Other-Spin-Offs/index.{html} /Fate/Other-Spin-Offs/Other-Spin-Offs/
/Fate/Sub-Series/Case-Files/Lord-El-Melloi-IIs-Case-Files/index.{html} /Fate/Sub-Series/Case-Files/Lord-El-Melloi-IIs-Case-Files/
